words;relation
armenian;0.0072244819398591615
second;0.0018195456878281663
sandler;0.0037259909628252893
adam ;0.0018185889321695554
